usuario_id,nome,email,cidade,empresa
1,Leanne Graham,sincere@april.biz,Gwenborough,Romaguera-crona
10,Clementina Dubuque,rey.padberg@karina.biz,Lebsackbury,Hoeger Llc
2,Ervin Howell,shanna@melissa.tv,Wisokyburgh,Deckow-crist
3,Clementine Bauch,nathan@yesenia.net,Mckenziehaven,Romaguera-jacobson
4,Patricia Lebsack,julianne.oconner@kory.org,South Elvis,Robel-corkery
5,Chelsey Dietrich,lucio_hettinger@annie.ca,Roscoeview,Keebler Llc
6,Mrs. Dennis Schulist,karley_dach@jasper.info,South Christy,Considine-lockman
7,Kurtis Weissnat,telly.hoeger@billy.biz,Howemouth,Johns Group
8,Nicholas Runolfsdottir V,sherwood@rosamond.me,Aliyaview,Abernathy Group
9,Glenna Reichert,chaim_mcdermott@dana.io,Bartholomebury,Yost And Sons
